Ada;binary-trees;93.553100585937500000;71.209716796875000000;0.000000000000000000;8.341125488281250000;2531.53
Ada;binary-trees;96.481018066406250000;73.483764648437500000;0.000000000000000000;8.524047851562500000;2599.07
Ada;binary-trees;94.726440429687500000;72.013610839843750000;0.000000000000000000;8.509216308593750000;2555.29
Ada;binary-trees;97.121887207031250000;73.774291992187500000;0.000000000000000000;8.612304687500000000;2626.65
Ada;binary-trees;94.362731933593750000;71.860046386718750000;0.000000000000000000;8.286071777343750000;2532.89
Ada;binary-trees;96.285705566406250000;73.576171875000000000;0.000000000000000000;8.439208984375000000;2554.7
Ada;binary-trees;94.574645996093750000;71.901611328125000000;0.000000000000000000;8.372924804687500000;2552.34
Ada;binary-trees;96.459045410156250000;73.617858886718750000;0.000000000000000000;8.484863281250000000;2567.81
Ada;binary-trees;95.122558593750000000;72.400451660156250000;0.000000000000000000;8.425598144531250000;2567.52
Ada;binary-trees;97.326416015625000000;74.149780273437500000;0.000000000000000000;8.679382324218750000;2596.78
Ada;fannkuch-redux;257.573059082031250000;204.577941894531250000;0.000000000000000000;14.870483398437500000;6335.11
Ada;fannkuch-redux;259.674316406250000000;206.324951171875000000;0.000000000000000000;14.898254394531250000;6369.11
Ada;fannkuch-redux;260.980957031250000000;207.282653808593750000;0.001159667968750000;14.970458984375000000;6382.51
Ada;fannkuch-redux;260.668273925781250000;207.165405273437500000;0.000000000000000000;14.796813964843750000;6325.32
Ada;fannkuch-redux;262.485534667968750000;208.644653320312500000;0.000000000000000000;14.898193359375000000;6368.51
Ada;fannkuch-redux;262.174621582031250000;208.526489257812500000;0.000000000000000000;14.789001464843750000;6318.93
Ada;fannkuch-redux;265.235534667968750000;210.828430175781250000;0.000000000000000000;14.984069824218750000;6389.11
Ada;fannkuch-redux;263.369628906250000000;209.386169433593750000;0.000000000000000000;14.822937011718750000;6330.34
Ada;fannkuch-redux;263.459777832031250000;209.649291992187500000;0.001464843750000000;14.713073730468750000;6290.65
Ada;fannkuch-redux;268.198486328125000000;213.458984375000000000;0.000000000000000000;14.955322265625000000;6381.9
Ada;fasta;37.828430175781250000;20.816284179687500000;0.000000000000000000;5.139770507812500000;2181.41
Ada;fasta;36.291259765625000000;19.445922851562500000;0.000000000000000000;5.043151855468750000;2160.65
Ada;fasta;38.636169433593750000;21.606323242187500000;0.000000000000000000;5.124023437500000000;2181.98
Ada;fasta;36.154846191406250000;19.289184570312500000;0.000000000000000000;5.044921875000000000;2162.38
Ada;fasta;38.770935058593750000;21.617431640625000000;0.000000000000000000;5.136779785156250000;2186.53
Ada;fasta;36.191528320312500000;19.368408203125000000;0.000000000000000000;5.047241210937500000;2163.9
Ada;fasta;38.752502441406250000;21.603820800781250000;0.000000000000000000;5.133422851562500000;2185.71
Ada;fasta;36.276428222656250000;19.372436523437500000;0.000000000000000000;5.053100585937500000;2164.82
Ada;fasta;36.272338867187500000;19.432983398437500000;0.000000000000000000;5.052246093750000000;2165
Ada;fasta;38.508728027343750000;21.497802734375000000;0.000000000000000000;5.107849121093750000;2176.13
Ada;k-nucleotide;150.725402832031250000;102.103210449218750000;0.000000000000000000;17.277770996093750000;5831.06
Ada;k-nucleotide;143.337463378906250000;96.859558105468750000;0.000000000000000000;16.073303222656250000;5586.08
Ada;k-nucleotide;139.294860839843750000;94.069213867187500000;0.001098632812500000;15.577575683593750000;5428.57
Ada;k-nucleotide;141.178710937500000000;95.270385742187500000;0.000000000000000000;15.472290039062500000;5486.03
Ada;k-nucleotide;137.110168457031250000;93.051025390625000000;0.000000000000000000;15.000671386718750000;5257.43
Ada;k-nucleotide;152.459045410156250000;103.839416503906250000;0.000000000000000000;17.226379394531250000;5799.82
Ada;k-nucleotide;139.100830078125000000;94.495666503906250000;0.000000000000000000;15.042907714843750000;5318.28
Ada;k-nucleotide;142.057067871093750000;96.109741210937500000;0.000000000000000000;15.770507812500000000;5515.66
Ada;k-nucleotide;141.964965820312500000;95.620300292968750000;0.000000000000000000;15.819091796875000000;5556.18
Ada;k-nucleotide;140.638183593750000000;94.949890136718750000;0.000000000000000000;15.367309570312500000;5439.49
Ada;mandelbrot;105.508666992187500000;81.273437500000000000;0.001159667968750000;6.935729980468750000;2934.61
Ada;mandelbrot;103.384033203125000000;79.528381347656250000;0.000000000000000000;6.743896484375000000;2880.8
Ada;mandelbrot;105.249572753906250000;80.938598632812500000;0.000000000000000000;6.909301757812500000;2940.43
Ada;mandelbrot;102.675842285156250000;78.904724121093750000;0.000000000000000000;6.726562500000000000;2878.64
Ada;mandelbrot;105.227661132812500000;80.978881835937500000;0.000000000000000000;6.892333984375000000;2933.25
Ada;mandelbrot;102.637329101562500000;78.905395507812500000;0.000000000000000000;6.711975097656250000;2872.43
Ada;mandelbrot;105.789062500000000000;81.496704101562500000;0.000000000000000000;6.905334472656250000;2934.17
Ada;mandelbrot;105.277160644531250000;80.957519531250000000;0.000000000000000000;6.885498046875000000;2932.34
Ada;mandelbrot;102.782592773437500000;79.106689453125000000;0.000000000000000000;6.691284179687500000;2863.54
Ada;mandelbrot;105.415893554687500000;81.214477539062500000;0.000000000000000000;6.861572265625000000;2920.28
Ada;n-body;75.074584960937500000;56.484619140625000000;0.000000000000000000;8.453735351562500000;3592.46
Ada;n-body;71.999816894531250000;53.787658691406250000;0.000000000000000000;8.334411621093750000;3569.98
Ada;n-body;74.144042968750000000;55.710205078125000000;0.000000000000000000;8.389526367187500000;3582.47
Ada;n-body;75.145202636718750000;56.556884765625000000;0.000000000000000000;8.426513671875000000;3590.25
Ada;n-body;71.845764160156250000;53.666198730468750000;0.000671386718750000;8.322448730468750000;3566.72
Ada;n-body;74.168640136718750000;55.725524902343750000;0.000000000000000000;8.391784667968750000;3583.45
Ada;n-body;74.129394531250000000;55.681335449218750000;0.000000000000000000;8.398498535156250000;3584.36
Ada;n-body;74.056518554687500000;55.640930175781250000;0.000000000000000000;8.386047363281250000;3580.65
Ada;n-body;71.862792968750000000;53.695800781250000000;0.000000000000000000;8.323547363281250000;3567.32
Ada;n-body;77.786865234375000000;58.432800292968750000;0.000000000000000000;8.817626953125000000;3765.5
Ada;regex-redux;121.967529296875000000;91.262451171875000000;0.000000000000000000;8.638732910156250000;3524
Ada;regex-redux;117.217651367187500000;87.933837890625000000;0.000000000000000000;8.201171875000000000;3375.37
Ada;regex-redux;119.492675781250000000;89.845886230468750000;0.000000000000000000;8.359008789062500000;3424.83
Ada;regex-redux;121.528564453125000000;90.685668945312500000;0.000000000000000000;8.624633789062500000;3540.33
Ada;regex-redux;116.926208496093750000;87.717895507812500000;0.000000000000000000;8.161376953125000000;3363.88
Ada;regex-redux;119.566162109375000000;90.080017089843750000;0.000000000000000000;8.238708496093750000;3388.54
Ada;regex-redux;119.890075683593750000;90.082275390625000000;0.001281738281250000;8.337341308593750000;3422.61
Ada;regex-redux;116.462280273437500000;87.602783203125000000;0.000000000000000000;8.091857910156250000;3331.47
Ada;regex-redux;119.603759765625000000;90.114135742187500000;0.000000000000000000;8.258728027343750000;3390.4
Ada;regex-redux;118.975708007812500000;89.631835937500000000;0.000000000000000000;8.249938964843750000;3382.24
Ada;reverse-complement;6.533020019531250000;3.996337890625000000;0.000000000000000000;0.835327148437500000;305.454
Ada;reverse-complement;6.477539062500000000;3.967956542968750000;0.000000000000000000;0.829650878906250000;303.183
Ada;reverse-complement;6.522277832031250000;4.006713867187500000;0.000000000000000000;0.827758789062500000;302.374
Ada;reverse-complement;7.529113769531250000;4.904846191406250000;0.000000000000000000;0.910339355468750000;314.855
Ada;reverse-complement;6.564758300781250000;4.016418457031250000;0.000000000000000000;0.842529296875000000;308.587
Ada;reverse-complement;6.439758300781250000;3.942871093750000000;0.000000000000000000;0.827392578125000000;303.288
Ada;reverse-complement;6.683837890625000000;4.146972656250000000;0.000000000000000000;0.837280273437500000;305.225
Ada;reverse-complement;6.432128906250000000;3.917846679687500000;0.000000000000000000;0.834411621093750000;305.176
Ada;reverse-complement;6.443542480468750000;3.932800292968750000;0.000000000000000000;0.838134765625000000;307.098
Ada;reverse-complement;6.452636718750000000;3.953857421875000000;0.000000000000000000;0.833007812500000000;304.308
Ada;spectral-norm;34.048706054687500000;26.712158203125000000;0.000000000000000000;1.918151855468750000;804.962
Ada;spectral-norm;31.199829101562500000;24.551940917968750000;0.000000000000000000;1.698364257812500000;726.586
Ada;spectral-norm;30.884826660156250000;24.399291992187500000;0.000000000000000000;1.658996582031250000;710.552
Ada;spectral-norm;31.389343261718750000;24.716857910156250000;0.000000000000000000;1.717834472656250000;733.682
Ada;spectral-norm;32.063049316406250000;25.212219238281250000;0.000000000000000000;1.784912109375000000;747.656
Ada;spectral-norm;31.225891113281250000;24.590270996093750000;0.000000000000000000;1.700317382812500000;728.564
Ada;spectral-norm;31.286499023437500000;24.646484375000000000;0.000000000000000000;1.704956054687500000;727.704
Ada;spectral-norm;33.954345703125000000;26.632019042968750000;0.000000000000000000;1.912658691406250000;806.217
Ada;spectral-norm;31.019348144531250000;24.496032714843750000;0.000000000000000000;1.668945312500000000;714.788
Ada;spectral-norm;31.126342773437500000;24.546142578125000000;0.000000000000000000;1.679016113281250000;719.018
C;binary-trees;40.524230957031250000;31.695983886718750000;0.000000000000000000;3.098083496093750000;961.888
C;binary-trees;42.050415039062500000;32.791870117187500000;0.000000000000000000;3.275207519531250000;1004.73
C;binary-trees;43.236755371093750000;34.116760253906250000;0.000000000000000000;3.226013183593750000;987.904
C;binary-trees;40.751953125000000000;31.840637207031250000;0.000000000000000000;3.133911132812500000;967.605
C;binary-trees;40.792175292968750000;31.859130859375000000;0.000000000000000000;3.140197753906250000;968.332
C;binary-trees;40.787475585937500000;31.824890136718750000;0.000000000000000000;3.144897460937500000;972.817
C;binary-trees;41.165466308593750000;32.074645996093750000;0.000000000000000000;3.213012695312500000;983.538
C;binary-trees;42.680175781250000000;33.523254394531250000;0.000000000000000000;3.238891601562500000;988.851
C;binary-trees;41.788940429687500000;32.765136718750000000;0.000000000000000000;3.159912109375000000;971.954
C;binary-trees;40.425720214843750000;31.492980957031250000;0.000000000000000000;3.155578613281250000;973.345
C;fannkuch-redux;70.959838867187500000;55.048889160156250000;0.000000000000000000;4.518310546875000000;1916.73
C;fannkuch-redux;73.716125488281250000;56.765625000000000000;0.000000000000000000;4.807556152343750000;2043.1
C;fannkuch-redux;69.886047363281250000;54.229553222656250000;0.000000000000000000;4.405395507812500000;1887.55
C;fannkuch-redux;69.731994628906250000;54.101074218750000000;0.000000000000000000;4.404418945312500000;1887.73
C;fannkuch-redux;73.767517089843750000;56.789184570312500000;0.000000000000000000;4.803161621093750000;2042.52
C;fannkuch-redux;69.843811035156250000;54.184082031250000000;0.001342773437500000;4.402160644531250000;1887.4
C;fannkuch-redux;73.132080078125000000;56.623046875000000000;0.000000000000000000;4.660461425781250000;1982.28
C;fannkuch-redux;70.258911132812500000;54.522399902343750000;0.000000000000000000;4.408447265625000000;1889.07
C;fannkuch-redux;69.878662109375000000;54.215332031250000000;0.000000000000000000;4.401916503906250000;1887.16
C;fannkuch-redux;73.496093750000000000;56.839294433593750000;0.000000000000000000;4.691040039062500000;1995.64
C;fasta;10.511962890625000000;5.553955078125000000;0.000000000000000000;1.499145507812500000;637.892
C;fasta;10.846740722656250000;5.924987792968750000;0.000000000000000000;1.542785644531250000;642.803
C;fasta;9.792907714843750000;5.006469726562500000;0.000000000000000000;1.479370117187500000;634.106
C;fasta;9.973510742187500000;5.182434082031250000;0.000000000000000000;1.490661621093750000;637.586
C;fasta;9.723693847656250000;5.000122070312500000;0.000000000000000000;1.482299804687500000;634.864
C;fasta;12.313659667968750000;7.316528320312500000;0.000000000000000000;1.556518554687500000;650.851
C;fasta;9.653808593750000000;4.925354003906250000;0.000000000000000000;1.479125976562500000;634.666
C;fasta;9.823974609375000000;5.053405761718750000;0.000000000000000000;1.482666015625000000;635.498
C;fasta;9.784790039062500000;5.008605957031250000;0.000000000000000000;1.481323242187500000;634.664
C;fasta;9.791687011718750000;4.990173339843750000;0.000000000000000000;1.481140136718750000;635.449
C;k-nucleotide;110.389892578125000000;83.017395019531250000;0.000000000000000000;8.993347167968750000;3108.04
C;k-nucleotide;102.032592773437500000;77.580505371093750000;0.000000000000000000;7.576660156250000000;2783.71
C;k-nucleotide;106.758483886718750000;80.698608398437500000;0.000000000000000000;8.332946777343750000;2963.04
C;k-nucleotide;102.631530761718750000;77.708618164062500000;0.000000000000000000;7.871704101562500000;2832.54
C;k-nucleotide;106.379394531250000000;80.131042480468750000;0.000000000000000000;8.294372558593750000;2982.61
C;k-nucleotide;105.372497558593750000;80.089294433593750000;0.000000000000000000;8.045288085937500000;2861.59
C;k-nucleotide;100.161682128906250000;76.374511718750000000;0.000000000000000000;7.241638183593750000;2688.07
C;k-nucleotide;103.900939941406250000;79.330322265625000000;0.000000000000000000;7.692260742187500000;2773.32
C;k-nucleotide;100.665344238281250000;76.441589355468750000;0.000000000000000000;7.413940429687500000;2743.99
C;k-nucleotide;110.282531738281250000;82.738403320312500000;0.001403808593750000;8.922058105468750000;3125.2
C;mandelbrot;38.399169921875000000;30.170593261718750000;0.000000000000000000;2.459045410156250000;1045.74
C;mandelbrot;39.068664550781250000;30.696533203125000000;0.000000000000000000;2.517517089843750000;1060.05
C;mandelbrot;38.547668457031250000;30.294128417968750000;0.000000000000000000;2.462341308593750000;1047
C;mandelbrot;40.455810546875000000;31.802978515625000000;0.000000000000000000;2.590515136718750000;1095.4
C;mandelbrot;38.348144531250000000;30.146179199218750000;0.000000000000000000;2.434753417968750000;1039.34
C;mandelbrot;38.173950195312500000;30.003845214843750000;0.000000000000000000;2.434509277343750000;1038.57
C;mandelbrot;38.001342773437500000;29.873535156250000000;0.000000000000000000;2.425476074218750000;1036.74
C;mandelbrot;39.670837402343750000;31.164306640625000000;0.000000000000000000;2.551757812500000000;1077.81
C;mandelbrot;39.630981445312500000;31.158447265625000000;0.000000000000000000;2.526428222656250000;1072.72
C;mandelbrot;38.099609375000000000;29.953979492187500000;0.000000000000000000;2.431335449218750000;1038.06
C;n-body;29.314941406250000000;21.868286132812500000;0.000000000000000000;3.605590820312500000;1525.72
C;n-body;30.976684570312500000;23.321166992187500000;0.000000000000000000;3.610229492187500000;1533.59
C;n-body;28.375671386718750000;21.073730468750000000;0.000000000000000000;3.547912597656250000;1519.44
C;n-body;28.262023925781250000;20.947082519531250000;0.000000000000000000;3.579956054687500000;1534.2
C;n-body;29.678100585937500000;22.186218261718750000;0.000000000000000000;3.570678710937500000;1523.6
C;n-body;29.651062011718750000;22.156066894531250000;0.000000000000000000;3.573242187500000000;1524.69
C;n-body;27.965576171875000000;20.740112304687500000;0.000000000000000000;3.538269042968750000;1516.31
C;n-body;28.069030761718750000;20.820861816406250000;0.000000000000000000;3.547302246093750000;1519.96
C;n-body;30.463745117187500000;22.909790039062500000;0.000000000000000000;3.609558105468750000;1532.81
C;n-body;28.313598632812500000;21.007995605468750000;0.000000000000000000;3.535766601562500000;1515.75
C;regex-redux;20.105712890625000000;14.548461914062500000;0.000000000000000000;1.731567382812500000;644.963
C;regex-redux;23.104187011718750000;17.258300781250000000;0.000000000000000000;1.876281738281250000;664.085
C;regex-redux;20.123657226562500000;14.559692382812500000;0.000000000000000000;1.729553222656250000;645.111
C;regex-redux;22.575866699218750000;16.830688476562500000;0.000000000000000000;1.816284179687500000;659.487
C;regex-redux;20.449523925781250000;14.840759277343750000;0.000000000000000000;1.743225097656250000;648.693
C;regex-redux;20.243041992187500000;14.656066894531250000;0.000000000000000000;1.735717773437500000;646.96
C;regex-redux;20.202392578125000000;14.625366210937500000;0.000000000000000000;1.742980957031250000;645.853
C;regex-redux;20.197875976562500000;14.613220214843750000;0.000000000000000000;1.733581542968750000;646.071
C;regex-redux;20.182250976562500000;14.607421875000000000;0.000000000000000000;1.734863281250000000;645.963
C;regex-redux;20.135986328125000000;14.568359375000000000;0.000000000000000000;1.732788085937500000;645.49
C;reverse-complement;2.144104003906250000;1.327636718750000000;0.000000000000000000;0.337158203125000000;91.489
C;reverse-complement;2.105102539062500000;1.306457519531250000;0.000000000000000000;0.333923339843750000;90.236
C;reverse-complement;2.102539062500000000;1.296508789062500000;0.000000000000000000;0.335510253906250000;90.072
C;reverse-complement;2.104858398437500000;1.308227539062500000;0.000000000000000000;0.335144042968750000;90.399
C;reverse-complement;2.083007812500000000;1.286254882812500000;0.000000000000000000;0.333068847656250000;90.133
C;reverse-complement;2.127197265625000000;1.319274902343750000;0.000000000000000000;0.336914062500000000;90.137
C;reverse-complement;2.089538574218750000;1.290954589843750000;0.000000000000000000;0.333312988281250000;90.415
C;reverse-complement;2.191772460937500000;1.369812011718750000;0.000000000000000000;0.341369628906250000;91.047
C;reverse-complement;2.967224121093750000;2.080200195312500000;0.000000000000000000;0.377258300781250000;98.826
C;reverse-complement;3.740356445312500000;2.732177734375000000;0.000000000000000000;0.424682617187500000;108.861
C;spectral-norm;13.848876953125000000;12.298583984375000000;0.000000000000000000;0.786254882812500000;334.639
C;spectral-norm;13.380004882812500000;11.938476562500000000;0.000000000000000000;0.741455078125000000;317.128
C;spectral-norm;13.407043457031250000;11.966857910156250000;0.000000000000000000;0.738342285156250000;316.173
C;spectral-norm;15.045471191406250000;13.210083007812500000;0.000000000000000000;0.918457031250000000;375.725
C;spectral-norm;13.435424804687500000;11.991027832031250000;0.000000000000000000;0.741271972656250000;317.081
C;spectral-norm;13.350463867187500000;11.912048339843750000;0.000000000000000000;0.738281250000000000;316.327
C;spectral-norm;13.377258300781250000;11.938964843750000000;0.000000000000000000;0.738403320312500000;316.707
C;spectral-norm;13.343811035156250000;11.907592773437500000;0.000000000000000000;0.735778808593750000;316.07
C;spectral-norm;13.521057128906250000;12.053710937500000000;0.000000000000000000;0.753295898437500000;321.647
C;spectral-norm;13.489501953125000000;12.014343261718750000;0.000000000000000000;0.754150390625000000;323.003
C++;binary-trees;34.880004882812500000;27.097839355468750000;0.000000000000000000;2.875122070312500000;877.503
C++;binary-trees;36.785949707031250000;28.625610351562500000;0.000000000000000000;3.113281250000000000;909.275
C++;binary-trees;33.910522460937500000;26.600219726562500000;0.000000000000000000;2.787902832031250000;803.441
C++;binary-trees;36.111389160156250000;28.047485351562500000;0.000000000000000000;3.036254882812500000;905.747
C++;binary-trees;35.268737792968750000;27.260009765625000000;0.000000000000000000;3.097351074218750000;899.405
C++;binary-trees;35.231811523437500000;27.365783691406250000;0.001464843750000000;2.922912597656250000;883.859
C++;binary-trees;35.902954101562500000;27.784362792968750000;0.000000000000000000;3.128051757812500000;909.341
C++;binary-trees;37.494689941406250000;29.124938964843750000;0.000000000000000000;3.155944824218750000;934.839
C++;binary-trees;34.203796386718750000;26.567626953125000000;0.000000000000000000;2.859008789062500000;854.42
C++;binary-trees;35.036376953125000000;27.201782226562500000;0.000000000000000000;2.908752441406250000;877.552
C++;fannkuch-redux;125.016357421875000000;96.200805664062500000;0.000000000000000000;8.028930664062500000;3404.38
C++;fannkuch-redux;120.555175781250000000;93.022033691406250000;0.000000000000000000;7.594360351562500000;3254.33
C++;fannkuch-redux;123.619567871093750000;95.142028808593750000;0.000000000000000000;7.893920898437500000;3368.81
C++;fannkuch-redux;124.978088378906250000;95.703735351562500000;0.000000000000000000;8.116088867187500000;3461.78
C++;fannkuch-redux;120.734680175781250000;93.096313476562500000;0.000000000000000000;7.615173339843750000;3263.24
C++;fannkuch-redux;123.780822753906250000;95.526306152343750000;0.000000000000000000;7.805847167968750000;3329.87
C++;fannkuch-redux;123.717407226562500000;95.152587890625000000;0.000000000000000000;7.922546386718750000;3379.99
C++;fannkuch-redux;120.602111816406250000;93.065490722656250000;0.000000000000000000;7.597412109375000000;3255.34
C++;fannkuch-redux;124.075927734375000000;95.500366210937500000;0.000000000000000000;7.901550292968750000;3371.31
C++;fannkuch-redux;123.937805175781250000;95.536376953125000000;0.000000000000000000;7.849670410156250000;3347.91
C++;fasta;14.242736816406250000;9.277587890625000000;0.000000000000000000;1.501831054687500000;642.951
C++;fasta;14.981445312500000000;9.939208984375000000;0.000000000000000000;1.565490722656250000;651.33
C++;fasta;14.081604003906250000;9.178344726562500000;0.000000000000000000;1.495849609375000000;641.507
C++;fasta;14.274108886718750000;9.326782226562500000;0.000000000000000000;1.502136230468750000;643.127
C++;fasta;14.321777343750000000;9.342834472656250000;0.000000000000000000;1.516357421875000000;648.854
C++;fasta;14.310729980468750000;9.313537597656250000;0.000000000000000000;1.517761230468750000;650.358
C++;fasta;16.153137207031250000;11.015197753906250000;0.000000000000000000;1.559143066406250000;654.951
C++;fasta;14.028198242187500000;9.125305175781250000;0.000000000000000000;1.495727539062500000;640.972
C++;fasta;14.122619628906250000;9.219482421875000000;0.001159667968750000;1.499511718750000000;641.9
C++;fasta;14.320617675781250000;9.289062500000000000;0.000000000000000000;1.525634765625000000;654.03
C++;k-nucleotide;63.823425292968750000;45.767395019531250000;0.000000000000000000;8.138732910156250000;1985.45
C++;k-nucleotide;57.298828125000000000;41.713867187500000000;0.000000000000000000;6.095703125000000000;1756.53
C++;k-nucleotide;58.276428222656250000;42.198181152343750000;0.000000000000000000;6.877014160156250000;1784.45
C++;k-nucleotide;52.614562988281250000;38.448852539062500000;0.000000000000000000;5.443298339843750000;1597.74
C++;k-nucleotide;56.934143066406250000;41.396423339843750000;0.000000000000000000;6.048889160156250000;1746.57
C++;k-nucleotide;54.415893554687500000;39.788269042968750000;0.000000000000000000;5.805358886718750000;1642.67
C++;k-nucleotide;55.612609863281250000;40.572082519531250000;0.000000000000000000;6.001953125000000000;1679.18
C++;k-nucleotide;60.818908691406250000;43.933837890625000000;0.000000000000000000;7.045471191406250000;1867.79
C++;k-nucleotide;55.249816894531250000;40.146728515625000000;0.000000000000000000;5.937316894531250000;1695.24
C++;k-nucleotide;52.796325683593750000;38.433471679687500000;0.000000000000000000;5.443298339843750000;1618.39
C++;mandelbrot;30.711364746093750000;26.986694335937500000;0.000000000000000000;2.065856933593750000;859.422
C++;mandelbrot;28.531799316406250000;25.379821777343750000;0.000000000000000000;1.820251464843750000;749.914
C++;mandelbrot;27.275207519531250000;24.371582031250000000;0.000000000000000000;1.669738769531250000;705.721
C++;mandelbrot;27.266418457031250000;24.363891601562500000;0.000000000000000000;1.671569824218750000;707.134
C++;mandelbrot;27.328308105468750000;24.407470703125000000;0.000000000000000000;1.682312011718750000;710.911
C++;mandelbrot;27.273071289062500000;24.354431152343750000;0.000000000000000000;1.677062988281250000;708.392
C++;mandelbrot;27.121459960937500000;24.247863769531250000;0.000000000000000000;1.658874511718750000;702.22
C++;mandelbrot;30.162780761718750000;26.723693847656250000;0.000000000000000000;1.920898437500000000;796.138
C++;mandelbrot;27.242126464843750000;24.329345703125000000;0.000000000000000000;1.672058105468750000;706.534
C++;mandelbrot;27.253906250000000000;24.348144531250000000;0.000000000000000000;1.674194335937500000;708.063
C++;n-body;29.641296386718750000;22.121093750000000000;0.000000000000000000;3.650146484375000000;1546.1
C++;n-body;31.949890136718750000;24.102355957031250000;0.000000000000000000;3.663208007812500000;1555.06
C++;n-body;29.468017578125000000;21.903259277343750000;0.000000000000000000;3.593139648437500000;1538.68
C++;n-body;28.803344726562500000;21.393371582031250000;0.000000000000000000;3.587524414062500000;1537.71
C++;n-body;28.466430664062500000;21.125183105468750000;0.000000000000000000;3.584594726562500000;1536.76
C++;n-body;31.280151367187500000;23.549438476562500000;0.000000000000000000;3.658813476562500000;1553.53
C++;n-body;28.480285644531250000;21.134460449218750000;0.000000000000000000;3.584716796875000000;1536.63
C++;n-body;29.090454101562500000;21.608642578125000000;0.000000000000000000;3.584533691406250000;1536.18
C++;n-body;31.158935546875000000;23.426452636718750000;0.000000000000000000;3.683898925781250000;1565.62
C++;n-body;29.028198242187500000;21.559997558593750000;0.000000000000000000;3.592773437500000000;1539.01
C++;regex-redux;24.206237792968750000;16.314270019531250000;0.000000000000000000;2.503784179687500000;930.046
C++;regex-redux;25.834472656250000000;17.584594726562500000;0.001220703125000000;2.635314941406250000;961.698
C++;regex-redux;27.041625976562500000;18.787597656250000000;0.000000000000000000;2.615051269531250000;961.472
C++;regex-redux;24.342468261718750000;16.608825683593750000;0.000000000000000000;2.444702148437500000;902.824
C++;regex-redux;24.365722656250000000;16.461303710937500000;0.000000000000000000;2.481323242187500000;922.861
C++;regex-redux;24.352539062500000000;16.449462890625000000;0.000000000000000000;2.492553710937500000;925.397
C++;regex-redux;23.741271972656250000;16.293884277343750000;0.000000000000000000;2.356445312500000000;868.414
C++;regex-redux;25.862731933593750000;17.569213867187500000;0.000000000000000000;2.623901367187500000;974.602
C++;regex-redux;25.916442871093750000;17.801086425781250000;0.000000000000000000;2.582275390625000000;950.396
C++;regex-redux;24.157043457031250000;16.336425781250000000;0.000000000000000000;2.487548828125000000;919.924
C++;reverse-complement;2.728759765625000000;1.527832031250000000;0.000000000000000000;0.501831054687500000;134.44
C++;reverse-complement;2.670593261718750000;1.488403320312500000;0.000000000000000000;0.498962402343750000;133.86
C++;reverse-complement;2.726684570312500000;1.531921386718750000;0.000000000000000000;0.499816894531250000;133.931
C++;reverse-complement;2.698364257812500000;1.518737792968750000;0.000000000000000000;0.500366210937500000;134.272
C++;reverse-complement;2.655151367187500000;1.477294921875000000;0.000000000000000000;0.496398925781250000;133.707
C++;reverse-complement;2.676513671875000000;1.469604492187500000;0.000000000000000000;0.498962402343750000;134.295
C++;reverse-complement;2.657958984375000000;1.484191894531250000;0.000000000000000000;0.499572753906250000;133.648
C++;reverse-complement;3.462951660156250000;2.205139160156250000;0.000000000000000000;0.565490722656250000;142.428
C++;reverse-complement;2.931091308593750000;1.728637695312500000;0.000000000000000000;0.517761230468750000;136.893
C++;reverse-complement;2.667968750000000000;1.500122070312500000;0.000000000000000000;0.502075195312500000;134.729
C++;spectral-norm;18.257202148437500000;13.428161621093750000;0.000000000000000000;1.434448242187500000;614.397
C++;spectral-norm;18.396118164062500000;13.541870117187500000;0.000000000000000000;1.435424804687500000;615.077
C++;spectral-norm;21.519836425781250000;15.837280273437500000;0.000000000000000000;1.705383300781250000;714.955
C++;spectral-norm;18.226623535156250000;13.406555175781250000;0.000000000000000000;1.434814453125000000;613.733
C++;spectral-norm;18.224731445312500000;13.426513671875000000;0.000000000000000000;1.421264648437500000;609.186
C++;spectral-norm;18.235839843750000000;13.419311523437500000;0.000000000000000000;1.428894042968750000;611.854
C++;spectral-norm;18.213928222656250000;13.423889160156250000;0.000000000000000000;1.416137695312500000;606.81
C++;spectral-norm;19.403137207031250000;14.210632324218750000;0.000000000000000000;1.592224121093750000;663.345
C++;spectral-norm;18.289062500000000000;13.477905273437500000;0.000000000000000000;1.421569824218750000;608.827
C++;spectral-norm;18.471435546875000000;13.586486816406250000;0.000000000000000000;1.441833496093750000;618.425
Go;binary-trees;442.594116210937500000;351.064819335937500000;0.000000000000000000;30.504760742187500000;10308.2
Go;binary-trees;447.391906738281250000;355.260925292968750000;0.000000000000000000;30.655151367187500000;10365.4
Go;binary-trees;445.926574707031250000;353.346435546875000000;0.001525878906250000;30.754699707031250000;10415.6
Go;binary-trees;443.769836425781250000;352.047973632812500000;0.000000000000000000;30.503601074218750000;10313.4
Go;binary-trees;446.288146972656250000;353.658386230468750000;0.000000000000000000;30.720214843750000000;10418.9
Go;binary-trees;446.643615722656250000;354.426452636718750000;0.000000000000000000;30.561645507812500000;10343.8
Go;binary-trees;447.411254882812500000;355.261047363281250000;0.001647949218750000;30.550231933593750000;10337.6
Go;binary-trees;447.481628417968750000;355.180786132812500000;0.000000000000000000;30.593505859375000000;10364
Go;binary-trees;447.229797363281250000;354.536315917968750000;0.000000000000000000;30.676635742187500000;10397.8
Go;binary-trees;447.307373046875000000;354.919799804687500000;0.000000000000000000;30.547241210937500000;10342.4
Go;fannkuch-redux;274.841796875000000000;216.681213378906250000;0.000000000000000000;15.540649414062500000;6620.29
Go;fannkuch-redux;275.654113769531250000;217.339660644531250000;0.001647949218750000;15.582580566406250000;6645.33
Go;fannkuch-redux;273.447448730468750000;215.610290527343750000;0.000000000000000000;15.387573242187500000;6578.43
Go;fannkuch-redux;272.898620605468750000;215.148925781250000000;0.000000000000000000;15.397277832031250000;6584.03
Go;fannkuch-redux;276.232482910156250000;217.799316406250000000;0.000000000000000000;15.584960937500000000;6646.51
Go;fannkuch-redux;271.902954101562500000;214.351135253906250000;0.000000000000000000;15.382934570312500000;6576.62
Go;fannkuch-redux;272.730712890625000000;215.030883789062500000;0.000000000000000000;15.389953613281250000;6581.11
Go;fannkuch-redux;275.450195312500000000;217.133361816406250000;0.001586914062500000;15.576293945312500000;6643.86
Go;fannkuch-redux;272.192749023437500000;214.606323242187500000;0.000000000000000000;15.386901855468750000;6577.76
Go;fannkuch-redux;272.322387695312500000;214.627563476562500000;0.000000000000000000;15.399719238281250000;6584.33
Go;fasta;39.079711914062500000;29.053466796875000000;0.000000000000000000;2.978210449218750000;1158.71
Go;fasta;36.086059570312500000;26.510498046875000000;0.000000000000000000;2.707641601562500000;1115.1
Go;fasta;35.971801757812500000;26.404663085937500000;0.000000000000000000;2.714599609375000000;1116.3
Go;fasta;35.830566406250000000;26.309143066406250000;0.000000000000000000;2.678161621093750000;1112.3
Go;fasta;35.959716796875000000;26.382812500000000000;0.000000000000000000;2.726623535156250000;1116.17
Go;fasta;38.399169921875000000;28.356018066406250000;0.000000000000000000;2.925048828125000000;1162.66
Go;fasta;35.888854980468750000;26.348205566406250000;0.000000000000000000;2.685485839843750000;1114.13
Go;fasta;35.766540527343750000;26.250366210937500000;0.000000000000000000;2.693481445312500000;1113.67
Go;fasta;35.750366210937500000;26.235900878906250000;0.000000000000000000;2.680236816406250000;1113
Go;fasta;38.240722656250000000;28.386535644531250000;0.000000000000000000;2.885864257812500000;1136.55
Go;k-nucleotide;266.736267089843750000;211.585510253906250000;0.000000000000000000;15.793029785156250000;6242.7
Go;k-nucleotide;265.522094726562500000;210.105285644531250000;0.000000000000000000;15.913696289062500000;6282.83
Go;k-nucleotide;267.025451660156250000;211.744140625000000000;0.001647949218750000;15.825012207031250000;6256.23
Go;k-nucleotide;269.812011718750000000;213.241149902343750000;0.000000000000000000;16.254699707031250000;6416.52
Go;k-nucleotide;266.158935546875000000;210.991394042968750000;0.000000000000000000;15.708129882812500000;6253.91
Go;k-nucleotide;266.699829101562500000;211.358337402343750000;0.000000000000000000;15.926147460937500000;6266.98
Go;k-nucleotide;265.107727050781250000;210.278381347656250000;0.000000000000000000;15.679138183593750000;6208.27
Go;k-nucleotide;270.341186523437500000;213.508361816406250000;0.000000000000000000;16.296386718750000000;6433.21
Go;k-nucleotide;268.634094238281250000;212.502136230468750000;0.000000000000000000;16.172119140625000000;6355.95
Go;k-nucleotide;265.837829589843750000;210.908020019531250000;0.001647949218750000;15.719604492187500000;6215.62
Go;mandelbrot;110.248229980468750000;86.454589843750000000;0.000000000000000000;7.204162597656250000;3042.99
Go;mandelbrot;105.425048828125000000;82.652648925781250000;0.000000000000000000;6.858825683593750000;2932.6
Go;mandelbrot;108.564208984375000000;85.144287109375000000;0.000000000000000000;7.054565429687500000;2999.24
Go;mandelbrot;107.940673828125000000;84.669189453125000000;0.000000000000000000;7.028869628906250000;2989.49
Go;mandelbrot;105.328613281250000000;82.592529296875000000;0.000000000000000000;6.843322753906250000;2925.93
Go;mandelbrot;108.195251464843750000;84.807373046875000000;0.000000000000000000;7.049621582031250000;2997.83
Go;mandelbrot;105.283447265625000000;82.501342773437500000;0.000000000000000000;6.856323242187500000;2932.25
Go;mandelbrot;107.831542968750000000;84.541137695312500000;0.000000000000000000;7.022766113281250000;2987.77
Go;mandelbrot;106.995544433593750000;83.860351562500000000;0.000000000000000000;6.974304199218750000;2969.37
Go;mandelbrot;106.161560058593750000;83.210510253906250000;0.000000000000000000;6.922851562500000000;2955.52
Go;n-body;83.614685058593750000;47.222534179687500000;0.000000000000000000;11.271301269531250000;4794.81
Go;n-body;82.022277832031250000;45.885375976562500000;0.000000000000000000;11.183410644531250000;4779.07
Go;n-body;82.017883300781250000;45.734191894531250000;0.001159667968750000;11.186767578125000000;4780.16
Go;n-body;81.998840332031250000;45.727416992187500000;0.000000000000000000;11.187988281250000000;4781.03
Go;n-body;81.942749023437500000;45.635437011718750000;0.000000000000000000;11.190063476562500000;4782.06
Go;n-body;81.842407226562500000;45.577819824218750000;0.000000000000000000;11.184631347656250000;4779.46
Go;n-body;82.251281738281250000;45.940490722656250000;0.000000000000000000;11.197875976562500000;4781.26
Go;n-body;81.797912597656250000;45.542663574218750000;0.000000000000000000;11.187133789062500000;4780.8
Go;n-body;82.057983398437500000;45.673217773437500000;0.000000000000000000;11.185729980468750000;4779.86
Go;n-body;81.854614257812500000;45.680969238281250000;0.000000000000000000;11.180847167968750000;4777.2
Go;regex-redux;73.813537597656250000;48.964172363281250000;0.000000000000000000;7.710571289062500000;3039.67
Go;regex-redux;74.134338378906250000;49.033203125000000000;0.001098632812500000;7.757507324218750000;3070.3
Go;regex-redux;73.336669921875000000;48.701538085937500000;0.000000000000000000;7.633544921875000000;3015.4
Go;regex-redux;71.032409667968750000;46.300170898437500000;0.000000000000000000;7.630065917968750000;3037.52
Go;regex-redux;74.463867187500000000;49.328186035156250000;0.000000000000000000;7.751953125000000000;3072.58
Go;regex-redux;72.212951660156250000;47.116577148437500000;0.000000000000000000;7.694274902343750000;3064.17
Go;regex-redux;74.711364746093750000;49.286987304687500000;0.000000000000000000;7.846252441406250000;3099.76
Go;regex-redux;73.756225585937500000;48.880065917968750000;0.000000000000000000;7.689270019531250000;3046.88
Go;regex-redux;75.093627929687500000;48.722045898437500000;0.000000000000000000;8.043395996093750000;3214.15
Go;regex-redux;74.706176757812500000;49.595520019531250000;0.000000000000000000;7.733215332031250000;3062.29
Go;reverse-complement;5.474365234375000000;3.653930664062500000;0.000000000000000000;0.716796875000000000;201.302
Go;reverse-complement;5.507202148437500000;3.688781738281250000;0.000000000000000000;0.706604003906250000;197.989
Go;reverse-complement;5.534851074218750000;3.729553222656250000;0.000000000000000000;0.709228515625000000;198.685
Go;reverse-complement;5.470764160156250000;3.667114257812500000;0.000000000000000000;0.707275390625000000;197.317
Go;reverse-complement;5.834838867187500000;3.915405273437500000;0.000000000000000000;0.752258300781250000;213.498
Go;reverse-complement;6.371398925781250000;4.424804687500000000;0.000000000000000000;0.794250488281250000;217.327
Go;reverse-complement;5.432312011718750000;3.654541015625000000;0.000000000000000000;0.703063964843750000;196.566
Go;reverse-complement;5.533142089843750000;3.684143066406250000;0.000000000000000000;0.709228515625000000;199.791
Go;reverse-complement;5.453125000000000000;3.653564453125000000;0.000000000000000000;0.704040527343750000;197.685
Go;reverse-complement;5.699829101562500000;3.815979003906250000;0.000000000000000000;0.733703613281250000;206.769
Go;spectral-norm;39.731811523437500000;29.402282714843750000;0.000000000000000000;3.094787597656250000;1310.29
Go;spectral-norm;36.850097656250000000;27.255493164062500000;0.000000000000000000;2.860961914062500000;1224.96
Go;spectral-norm;36.767822265625000000;27.190551757812500000;0.000000000000000000;2.854614257812500000;1222.76
Go;spectral-norm;38.043945312500000000;28.076477050781250000;0.000000000000000000;3.008056640625000000;1269.58
Go;spectral-norm;39.787536621093750000;29.415527343750000000;0.000000000000000000;3.107421875000000000;1315.7
Go;spectral-norm;36.919006347656250000;27.307678222656250000;0.000000000000000000;2.860534667968750000;1225.33
Go;spectral-norm;36.831481933593750000;27.233337402343750000;0.000000000000000000;2.853576660156250000;1222
Go;spectral-norm;36.760437011718750000;27.206420898437500000;0.000000000000000000;2.842529296875000000;1218.62
Go;spectral-norm;39.864807128906250000;29.478149414062500000;0.000000000000000000;3.107727050781250000;1315.11
Go;spectral-norm;36.872985839843750000;27.287963867187500000;0.000000000000000000;2.858215332031250000;1223.93
Java;binary-trees;92.978149414062500000;68.946228027343750000;0.000000000000000000;11.873474121093750000;2548.4
Java;binary-trees;94.925842285156250000;70.731384277343750000;0.001342773437500000;11.929321289062500000;2562.68
Java;binary-trees;91.234497070312500000;67.694763183593750000;0.000000000000000000;11.677062988281250000;2496.97
Java;binary-trees;92.524169921875000000;68.782714843750000000;0.000000000000000000;11.785095214843750000;2518.08
Java;binary-trees;90.334533691406250000;66.925781250000000000;0.000000000000000000;11.609008789062500000;2476.15
Java;binary-trees;93.228088378906250000;69.348144531250000000;0.000000000000000000;11.839538574218750000;2527.61
Java;binary-trees;90.276000976562500000;66.919311523437500000;0.000000000000000000;11.636352539062500000;2475.03
Java;binary-trees;92.545532226562500000;68.739318847656250000;0.000000000000000000;11.780456542968750000;2520.68
Java;binary-trees;92.515686035156250000;68.706542968750000000;0.000000000000000000;11.727783203125000000;2520.41
Java;binary-trees;93.691650390625000000;69.612731933593750000;0.000000000000000000;11.855102539062500000;2540.57
Java;fannkuch-redux;362.986328125000000000;290.161437988281250000;0.000000000000000000;20.041442871093750000;8532.17
Java;fannkuch-redux;353.564025878906250000;282.768310546875000000;0.000000000000000000;19.157592773437500000;8189.61
Java;fannkuch-redux;364.671997070312500000;291.568725585937500000;0.001464843750000000;19.897094726562500000;8493.44
Java;fannkuch-redux;363.240295410156250000;290.814147949218750000;0.000000000000000000;19.657226562500000000;8390.12
Java;fannkuch-redux;360.996032714843750000;289.023010253906250000;0.000000000000000000;19.529174804687500000;8345.9
Java;fannkuch-redux;343.221496582031250000;274.205261230468750000;0.000000000000000000;19.246643066406250000;8212.92
Java;fannkuch-redux;357.575195312500000000;286.250366210937500000;0.000000000000000000;19.270874023437500000;8222.33
Java;fannkuch-redux;353.813720703125000000;283.189575195312500000;0.001586914062500000;19.122253417968750000;8173.05
Java;fannkuch-redux;364.390808105468750000;291.787231445312500000;0.000000000000000000;19.772705078125000000;8439.48
Java;fannkuch-redux;364.920959472656250000;292.432434082031250000;0.000000000000000000;19.644409179687500000;8383.75
Java;fasta;33.840393066406250000;25.368225097656250000;0.000000000000000000;2.538879394531250000;1060.32
Java;fasta;33.688842773437500000;25.139038085937500000;0.000000000000000000;2.565979003906250000;1074.33
Java;fasta;33.027099609375000000;24.531921386718750000;0.000000000000000000;2.521179199218750000;1066.85
Java;fasta;32.706115722656250000;24.219299316406250000;0.000000000000000000;2.497009277343750000;1055.8
Java;fasta;35.207092285156250000;26.333923339843750000;0.000000000000000000;2.651184082031250000;1096.84
Java;fasta;32.640197753906250000;24.372436523437500000;0.000000000000000000;2.454223632812500000;1037.77
Java;fasta;32.923400878906250000;24.445983886718750000;0.000000000000000000;2.535339355468750000;1073.74
Java;fasta;32.780517578125000000;24.342468261718750000;0.000000000000000000;2.509704589843750000;1063.36
Java;fasta;32.589233398437500000;24.179382324218750000;0.000000000000000000;2.472900390625000000;1048.34
Java;fasta;35.341064453125000000;26.249084472656250000;0.000000000000000000;2.729797363281250000;1130.02
Java;k-nucleotide;146.275878906250000000;113.122192382812500000;0.000000000000000000;10.428833007812500000;3852.28
Java;k-nucleotide;145.766723632812500000;112.642150878906250000;0.000000000000000000;10.242004394531250000;3793.14
Java;k-nucleotide;148.332763671875000000;114.665283203125000000;0.000000000000000000;10.592712402343750000;3929.38
Java;k-nucleotide;148.399169921875000000;114.636718750000000000;0.001403808593750000;10.586669921875000000;3936.43
Java;k-nucleotide;149.017761230468750000;115.377502441406250000;0.000000000000000000;10.398986816406250000;3879.96
Java;k-nucleotide;144.993469238281250000;112.274780273437500000;0.000000000000000000;10.214233398437500000;3804.98
Java;k-nucleotide;162.679870605468750000;127.263305664062500000;0.000000000000000000;11.176086425781250000;4168.42
Java;k-nucleotide;142.393859863281250000;109.836364746093750000;0.000000000000000000;10.176208496093750000;3763.94
Java;k-nucleotide;162.137451171875000000;126.680053710937500000;0.000000000000000000;11.191101074218750000;4178.36
Java;k-nucleotide;147.547424316406250000;114.078674316406250000;0.000000000000000000;10.537353515625000000;3913.87
Java;mandelbrot;117.466613769531250000;91.001525878906250000;0.000000000000000000;7.841430664062500000;3310.09
Java;mandelbrot;117.701110839843750000;90.842773437500000000;0.000000000000000000;7.901000976562500000;3347.49
Java;mandelbrot;120.124084472656250000;93.569641113281250000;0.000000000000000000;7.763305664062500000;3296.28
Java;mandelbrot;118.533874511718750000;92.021057128906250000;0.000000000000000000;7.836364746093750000;3319.34
Java;mandelbrot;121.413452148437500000;94.415344238281250000;0.001342773437500000;7.920593261718750000;3355.75
Java;mandelbrot;115.468872070312500000;89.276672363281250000;0.000000000000000000;7.717651367187500000;3279.49
Java;mandelbrot;120.874328613281250000;94.186523437500000000;0.000000000000000000;7.834594726562500000;3313.44
Java;mandelbrot;121.805114746093750000;94.764343261718750000;0.000000000000000000;7.940429687500000000;3365
Java;mandelbrot;115.237121582031250000;88.969848632812500000;0.000000000000000000;7.724060058593750000;3283.21
Java;mandelbrot;121.815795898437500000;94.837097167968750000;0.000000000000000000;7.894836425781250000;3343.64
Java;n-body;92.454650878906250000;51.341308593750000000;0.000000000000000000;12.510437011718750000;5322.19
Java;n-body;91.242675781250000000;50.105895996093750000;0.000000000000000000;12.477661132812500000;5328.61
Java;n-body;91.273681640625000000;50.110290527343750000;0.000000000000000000;12.481384277343750000;5329.78
Java;n-body;91.166992187500000000;49.991027832031250000;0.000000000000000000;12.476806640625000000;5329.21
Java;n-body;92.582641601562500000;51.129943847656250000;0.000976562500000000;12.577636718750000000;5365.6
Java;n-body;92.848144531250000000;51.556274414062500000;0.000000000000000000;12.525573730468750000;5334.89
Java;n-body;91.308471679687500000;50.074584960937500000;0.000000000000000000;12.479614257812500000;5328.72
Java;n-body;91.116577148437500000;49.977416992187500000;0.000000000000000000;12.470397949218750000;5326.37
Java;n-body;91.232421875000000000;50.027832031250000000;0.000000000000000000;12.488647460937500000;5332.1
Java;n-body;91.079956054687500000;49.908630371093750000;0.000000000000000000;12.482971191406250000;5331.01
Java;regex-redux;174.090209960937500000;135.965759277343750000;0.000000000000000000;11.859741210937500000;4480.93
Java;regex-redux;170.821166992187500000;131.289428710937500000;0.000000000000000000;12.351623535156250000;4730.43
Java;regex-redux;177.052062988281250000;138.579956054687500000;0.000000000000000000;11.901123046875000000;4519.32
Java;regex-redux;176.367065429687500000;136.599365234375000000;0.001220703125000000;12.412658691406250000;4755.11
Java;regex-redux;180.086975097656250000;140.990051269531250000;0.000000000000000000;11.991455078125000000;4583.64
Java;regex-redux;169.505371093750000000;132.782287597656250000;0.000000000000000000;11.456542968750000000;4334.86
Java;regex-redux;180.757690429687500000;139.654541015625000000;0.000000000000000000;12.672546386718750000;4853.08
Java;regex-redux;171.688171386718750000;132.539428710937500000;0.000000000000000000;12.219360351562500000;4666.41
Java;regex-redux;189.360595703125000000;144.911804199218750000;0.000000000000000000;13.617614746093750000;5268.88
Java;regex-redux;180.829956054687500000;141.648925781250000000;0.000000000000000000;12.133361816406250000;4625.53
Java;reverse-complement;12.353881835937500000;8.865539550781250000;0.000000000000000000;1.236572265625000000;405.087
Java;reverse-complement;11.386352539062500000;8.093261718750000000;0.000000000000000000;1.186523437500000000;385.239
Java;reverse-complement;13.045471191406250000;9.558837890625000000;0.000000000000000000;1.275085449218750000;398.762
Java;reverse-complement;13.591674804687500000;9.949401855468750000;0.000000000000000000;1.324340820312500000;420.138
Java;reverse-complement;12.417419433593750000;8.976196289062500000;0.000000000000000000;1.222473144531250000;396.91
Java;reverse-complement;11.256042480468750000;8.097534179687500000;0.000000000000000000;1.139953613281250000;362.701
Java;reverse-complement;10.833374023437500000;7.785034179687500000;0.000000000000000000;1.117431640625000000;353.221
Java;reverse-complement;11.183410644531250000;7.968078613281250000;0.000000000000000000;1.162353515625000000;376.699
Java;reverse-complement;11.025390625000000000;7.929870605468750000;0.000000000000000000;1.112854003906250000;354.555
Java;reverse-complement;11.594055175781250000;8.369079589843750000;0.000000000000000000;1.159362792968750000;372.494
Java;spectral-norm;39.574462890625000000;29.341918945312500000;0.000000000000000000;3.134948730468750000;1338.34
Java;spectral-norm;43.912719726562500000;32.366455078125000000;0.000000000000000000;3.585449218750000000;1496.48
Java;spectral-norm;39.763305664062500000;29.436096191406250000;0.000000000000000000;3.164794921875000000;1349.59
Java;spectral-norm;40.014709472656250000;29.545410156250000000;0.000000000000000000;3.204589843750000000;1366.68
Java;spectral-norm;40.539489746093750000;29.984680175781250000;0.000000000000000000;3.233337402343750000;1376.62
Java;spectral-norm;43.042663574218750000;31.728576660156250000;0.001159667968750000;3.479858398437500000;1469.42
Java;spectral-norm;39.990234375000000000;29.551208496093750000;0.000000000000000000;3.193542480468750000;1362.4
Java;spectral-norm;39.623046875000000000;29.217285156250000000;0.000000000000000000;3.208862304687500000;1369.87
Java;spectral-norm;39.291870117187500000;29.078430175781250000;0.000000000000000000;3.141235351562500000;1342.25
Java;spectral-norm;42.634765625000000000;31.509521484375000000;0.000000000000000000;3.433410644531250000;1449.9
Python;binary-trees;1705.340026855468750000;1360.779418945312500000;0.001342773437500000;109.879150390625000000;39511.4
Python;binary-trees;1721.552734375000000000;1373.264648437500000000;0.001403808593750000;110.890991210937500000;39976.5
Python;binary-trees;1713.686218261718750000;1368.677673339843750000;0.000000000000000000;109.892822265625000000;39513.5
Python;binary-trees;1701.821105957031250000;1357.946899414062500000;0.001525878906250000;109.738281250000000000;39412.4
Python;binary-trees;1713.272216796875000000;1367.709899902343750000;0.001586914062500000;110.283630371093750000;39588
Python;binary-trees;1699.150695800781250000;1357.283691406250000000;0.001647949218750000;109.403381347656250000;39281.9
Python;binary-trees;1713.405822753906250000;1367.791748046875000000;0.001647949218750000;110.486022949218750000;39593.7
Python;binary-trees;1700.300903320312500000;1358.298767089843750000;0.001586914062500000;109.883605957031250000;39361.9
Python;binary-trees;1699.564575195312500000;1358.390441894531250000;0.001647949218750000;108.881774902343750000;39140.8
Python;binary-trees;1717.603942871093750000;1370.331909179687500000;0.001647949218750000;110.277893066406250000;39745.2
Python;fannkuch-redux;11677.014526367187500000;9635.050048828125000000;0.008728027343750000;564.647399902343750000;241218
Python;fannkuch-redux;11855.375183105468750000;9773.052612304687500000;0.010314941406250000;572.613281250000000000;244626
Python;fannkuch-redux;11713.277160644531250000;9666.737487792968750000;0.010498046875000000;563.982604980468750000;240977
Python;fannkuch-redux;11603.180175781250000000;9570.761352539062500000;0.008422851562500000;564.916442871093750000;241357
Python;fannkuch-redux;11740.005798339843750000;9677.856323242187500000;0.010131835937500000;570.707031250000000000;243841
Python;fannkuch-redux;11677.681945800781250000;9623.665405273437500000;0.010498046875000000;568.549560546875000000;242922
Python;fannkuch-redux;11872.384155273437500000;9787.522644042968750000;0.008728027343750000;571.391418457031250000;244128
Python;fannkuch-redux;11661.734008789062500000;9618.876831054687500000;0.010253906250000000;564.656738281250000000;241263
Python;fannkuch-redux;11657.157165527343750000;9616.042724609375000000;0.010498046875000000;564.258728027343750000;241106
Python;fasta;834.209533691406250000;583.856750488281250000;0.000854492187500000;78.914794921875000000;30337
Python;fasta;836.515869140625000000;586.704711914062500000;0.000915527343750000;78.326660156250000000;30092.9
Python;fasta;844.523559570312500000;592.162475585937500000;0.000000000000000000;78.960815429687500000;30356.5
Python;fasta;841.431884765625000000;589.444213867187500000;0.001159667968750000;78.711303710937500000;30264.8
Python;fasta;840.949584960937500000;590.606689453125000000;0.001098632812500000;78.427185058593750000;30121.4
Python;fasta;842.623352050781250000;591.299804687500000000;0.000000000000000000;78.459228515625000000;30148.8
Python;fasta;842.668212890625000000;591.218688964843750000;0.001159667968750000;78.536560058593750000;30176.6
Python;fasta;854.510803222656250000;599.089416503906250000;0.001159667968750000;79.073425292968750000;30397
Python;fasta;845.979309082031250000;593.304626464843750000;0.001220703125000000;78.609802246093750000;30215.2
Python;fasta;846.050842285156250000;593.165832519531250000;0.000000000000000000;78.504699707031250000;30173.5
Python;k-nucleotide;1729.688171386718750000;1375.654724121093750000;0.001342773437500000;114.390136718750000000;40950.7
Python;k-nucleotide;1764.880187988281250000;1407.916931152343750000;0.001525878906250000;115.174438476562500000;41111.1
Python;k-nucleotide;1737.394653320312500000;1387.900573730468750000;0.001525878906250000;112.353149414062500000;40023.5
Python;k-nucleotide;1727.560729980468750000;1379.519104003906250000;0.001586914062500000;112.500549316406250000;40035.3
Python;k-nucleotide;1725.523986816406250000;1377.953308105468750000;0.001586914062500000;112.500732421875000000;39952.6
Python;k-nucleotide;1732.760559082031250000;1382.736145019531250000;0.001586914062500000;113.075805664062500000;40264.3
Python;k-nucleotide;1729.465942382812500000;1378.991088867187500000;0.001647949218750000;113.016662597656250000;40291
Python;k-nucleotide;1725.665588378906250000;1378.045410156250000000;0.001586914062500000;112.270996093750000000;40011.7
Python;k-nucleotide;1730.883483886718750000;1382.621276855468750000;0.001586914062500000;112.673278808593750000;40124.3
Python;mandelbrot;6914.699523925781250000;5683.316040039062500000;0.005493164062500000;323.446533203125000000;138103
Python;mandelbrot;6998.261840820312500000;5746.929931640625000000;0.005310058593750000;328.951782226562500000;140479
Python;mandelbrot;6951.151855468750000000;5711.864501953125000000;0.005615234375000000;324.052124023437500000;138363
Python;mandelbrot;6859.623291015625000000;5636.134216308593750000;0.007385253906250000;322.425964355468750000;137626
Python;mandelbrot;6874.607177734375000000;5647.583374023437500000;0.005554199218750000;323.024414062500000000;137896
Python;mandelbrot;6815.263549804687500000;5603.552185058593750000;0.005493164062500000;318.078308105468750000;135794
Python;mandelbrot;6867.240600585937500000;5643.664245605468750000;0.005432128906250000;322.415527343750000000;137597
Python;mandelbrot;6875.832946777343750000;5648.600402832031250000;0.005615234375000000;322.242370605468750000;137581
Python;mandelbrot;6761.634948730468750000;5555.750610351562500000;0.007385253906250000;318.420776367187500000;135945
Python;mandelbrot;6863.250427246093750000;5640.681335449218750000;0.005493164062500000;322.148315429687500000;137522
Python;n-body;7190.003295898437500000;4372.918334960937500000;0.007873535156250000;818.428527832031250000;349659
Python;n-body;7213.517822265625000000;4387.942749023437500000;0.008239746093750000;820.298583984375000000;350508
Python;n-body;7122.275268554687500000;4331.113952636718750000;0.008239746093750000;809.358947753906250000;345836
Python;n-body;7260.825134277343750000;4405.933166503906250000;0.009277343750000000;825.671691894531250000;352803
Python;n-body;7214.198364257812500000;4394.843566894531250000;0.007812500000000000;819.511779785156250000;350171
Python;n-body;7182.182556152343750000;4371.601745605468750000;0.007995605468750000;816.249206542968750000;348763
Python;n-body;7183.667053222656250000;4371.414550781250000000;0.007995605468750000;815.538513183593750000;348474
Python;n-body;7440.738098144531250000;4525.941894531250000000;0.007995605468750000;844.976562500000000000;361040
Python;n-body;7171.440917968750000000;4362.245910644531250000;0.008056640625000000;815.373291015625000000;348399
Python;n-body;7129.111022949218750000;4335.931762695312500000;0.009094238281250000;810.535522460937500000;346348
Python;regex-redux;179.177734375000000000;124.588195800781250000;0.000000000000000000;16.356018066406250000;6602.02
Python;regex-redux;178.221557617187500000;123.813049316406250000;0.000000000000000000;16.322265625000000000;6589.09
Python;regex-redux;178.060302734375000000;123.696838378906250000;0.000000000000000000;16.358032226562500000;6606.25
Python;regex-redux;179.367248535156250000;124.618774414062500000;0.000000000000000000;16.341491699218750000;6598.13
Python;regex-redux;181.159301757812500000;125.807128906250000000;0.000976562500000000;16.455444335937500000;6643.85
Python;regex-redux;179.492553710937500000;124.793029785156250000;0.000000000000000000;16.284912109375000000;6573.47
Python;regex-redux;180.863708496093750000;125.548522949218750000;0.000000000000000000;16.332336425781250000;6597.18
Python;regex-redux;180.103027343750000000;125.179199218750000000;0.000000000000000000;16.268920898437500000;6567.01
Python;regex-redux;179.963500976562500000;125.062194824218750000;0.000000000000000000;16.329223632812500000;6594.77
Python;regex-redux;180.590454101562500000;125.694458007812500000;0.000000000000000000;16.292358398437500000;6576.37
Python;reverse-complement;33.496582031250000000;22.533691406250000000;0.000000000000000000;3.566711425781250000;1333.82
Python;reverse-complement;32.820617675781250000;21.946838378906250000;0.000000000000000000;3.533996582031250000;1328.26
Python;reverse-complement;33.002868652343750000;22.029113769531250000;0.000000000000000000;3.551574707031250000;1340.05
Python;reverse-complement;32.526550292968750000;21.674072265625000000;0.000000000000000000;3.517211914062500000;1326.91
Python;reverse-complement;32.962341308593750000;21.961364746093750000;0.000000000000000000;3.557617187500000000;1344.52
Python;reverse-complement;32.972167968750000000;22.019287109375000000;0.000976562500000000;3.551757812500000000;1338.77
Python;reverse-complement;32.517150878906250000;21.670104980468750000;0.000000000000000000;3.520385742187500000;1328.95
Python;reverse-complement;32.794982910156250000;21.862854003906250000;0.000000000000000000;3.542541503906250000;1338.38
Python;reverse-complement;32.566711425781250000;21.744506835937500000;0.000000000000000000;3.522277832031250000;1325.19
Python;reverse-complement;32.772399902343750000;21.861755371093750000;0.000000000000000000;3.539550781250000000;1335.58
Python;spectral-norm;4041.850952148437500000;3347.966857910156250000;0.001586914062500000;193.356201171875000000;82760.2
Python;spectral-norm;4090.491516113281250000;3389.205871582031250000;0.003356933593750000;193.560913085937500000;82824.9
Python;spectral-norm;4114.867004394531250000;3410.209777832031250000;0.003479003906250000;192.398925781250000000;82349.7
Python;spectral-norm;4096.988464355468750000;3394.763488769531250000;0.003479003906250000;192.547302246093750000;82413.1
Python;spectral-norm;4084.927368164062500000;3384.888366699218750000;0.003417968750000000;192.420288085937500000;82357.5
Python;spectral-norm;4105.498413085937500000;3401.246826171875000000;0.003479003906250000;193.302368164062500000;82721.7
Python;spectral-norm;4085.176635742187500000;3385.323181152343750000;0.003356933593750000;192.143981933593750000;82228.5
Python;spectral-norm;4105.718383789062500000;3402.588256835937500000;0.003417968750000000;193.183715820312500000;82687.7
Python;spectral-norm;4095.715209960937500000;3392.757873535156250000;0.003417968750000000;192.456359863281250000;82365.6
Rust;binary-trees;40.039184570312500000;31.255859375000000000;0.000000000000000000;3.330444335937500000;936.326
Rust;binary-trees;39.701293945312500000;31.072753906250000000;0.000000000000000000;3.118408203125000000;931.792
Rust;binary-trees;40.054016113281250000;31.320678710937500000;0.000000000000000000;3.145019531250000000;939.538
Rust;binary-trees;40.872375488281250000;31.996215820312500000;0.000000000000000000;3.164428710937500000;956.625
Rust;binary-trees;39.892883300781250000;31.236450195312500000;0.000000000000000000;3.110717773437500000;930.23
Rust;binary-trees;40.924133300781250000;31.882446289062500000;0.000000000000000000;3.350219726562500000;976.135
Rust;binary-trees;41.148437500000000000;32.092407226562500000;0.000000000000000000;3.359985351562500000;976.963
Rust;binary-trees;39.958374023437500000;31.259948730468750000;0.000000000000000000;3.096618652343750000;938.887
Rust;binary-trees;40.435668945312500000;31.556335449218750000;0.000000000000000000;3.300964355468750000;952.632
Rust;binary-trees;40.353454589843750000;31.413208007812500000;0.000000000000000000;3.259216308593750000;961.591
Rust;fannkuch-redux;140.166564941406250000;107.449829101562500000;0.000000000000000000;9.026306152343750000;3865.36
Rust;fannkuch-redux;139.505187988281250000;107.007995605468750000;0.000000000000000000;8.978820800781250000;3846.57
Rust;fannkuch-redux;139.853454589843750000;107.225219726562500000;0.000000000000000000;9.003784179687500000;3856.1
Rust;fannkuch-redux;139.350097656250000000;106.885620117187500000;0.000000000000000000;8.967590332031250000;3841.65
Rust;fannkuch-redux;139.230407714843750000;106.734191894531250000;0.001586914062500000;8.984252929687500000;3847.8
Rust;fannkuch-redux;139.275512695312500000;106.825805664062500000;0.000000000000000000;8.961059570312500000;3840.86
Rust;fannkuch-redux;139.129821777343750000;106.671630859375000000;0.000000000000000000;8.978088378906250000;3844.97
Rust;fannkuch-redux;138.666137695312500000;106.261169433593750000;0.000000000000000000;8.988952636718750000;3850.35
Rust;fannkuch-redux;139.335998535156250000;106.806762695312500000;0.000000000000000000;8.978088378906250000;3846.49
Rust;fannkuch-redux;138.985534667968750000;106.491516113281250000;0.000000000000000000;8.990600585937500000;3851.37
Rust;fasta;14.128356933593750000;9.235290527343750000;0.000000000000000000;1.503479003906250000;641.66
Rust;fasta;14.249755859375000000;9.339660644531250000;0.000000000000000000;1.506530761718750000;642.978
Rust;fasta;14.003295898437500000;9.127075195312500000;0.000000000000000000;1.496093750000000000;640.471
Rust;fasta;14.133300781250000000;9.228576660156250000;0.000000000000000000;1.499633789062500000;642.078
Rust;fasta;13.944091796875000000;9.081604003906250000;0.000000000000000000;1.490783691406250000;639.251
Rust;fasta;13.934509277343750000;9.070312500000000000;0.000000000000000000;1.490478515625000000;638.959
Rust;fasta;14.019042968750000000;9.120178222656250000;0.000000000000000000;1.498535156250000000;641.332
Rust;fasta;13.943054199218750000;9.081420898437500000;0.000000000000000000;1.490722656250000000;639.278
Rust;fasta;14.117370605468750000;9.237121582031250000;0.000000000000000000;1.501037597656250000;640.87
Rust;fasta;13.942565917968750000;9.076232910156250000;0.000000000000000000;1.493286132812500000;639.348
Rust;k-nucleotide;77.431213378906250000;56.539123535156250000;0.000000000000000000;6.506530761718750000;2358.52
Rust;k-nucleotide;78.742980957031250000;56.967041015625000000;0.000000000000000000;6.723022460937500000;2465.15
Rust;k-nucleotide;78.152587890625000000;57.030578613281250000;0.000000000000000000;6.483642578125000000;2378.45
Rust;k-nucleotide;76.917724609375000000;56.129638671875000000;0.000000000000000000;6.427551269531250000;2350.27
Rust;k-nucleotide;80.527038574218750000;58.322448730468750000;0.000000000000000000;7.088195800781250000;2498.1
Rust;k-nucleotide;77.942932128906250000;56.424072265625000000;0.000000000000000000;6.593139648437500000;2434.1
Rust;k-nucleotide;79.050903320312500000;57.328369140625000000;0.001525878906250000;6.691589355468750000;2449.56
Rust;k-nucleotide;77.558166503906250000;56.699768066406250000;0.000000000000000000;6.477111816406250000;2346.07
Rust;k-nucleotide;77.637695312500000000;56.337951660156250000;0.000000000000000000;6.545349121093750000;2397.69
Rust;k-nucleotide;77.441162109375000000;56.469604492187500000;0.000000000000000000;6.510681152343750000;2369.23
Rust;mandelbrot;32.170776367187500000;28.665893554687500000;0.000000000000000000;2.034729003906250000;866.255
Rust;mandelbrot;32.561035156250000000;28.995300292968750000;0.000000000000000000;2.060546875000000000;873.81
Rust;mandelbrot;32.470703125000000000;28.934326171875000000;0.000000000000000000;2.047851562500000000;871.283
Rust;mandelbrot;32.172302246093750000;28.676452636718750000;0.000000000000000000;2.031982421875000000;865.032
Rust;mandelbrot;32.189086914062500000;28.689208984375000000;0.000000000000000000;2.031494140625000000;864.787
Rust;mandelbrot;32.506408691406250000;28.956176757812500000;0.000000000000000000;2.059814453125000000;873.597
Rust;mandelbrot;32.266601562500000000;28.735534667968750000;0.000000000000000000;2.045837402343750000;869.665
Rust;mandelbrot;32.202148437500000000;28.701782226562500000;0.000000000000000000;2.031799316406250000;864.884
Rust;mandelbrot;32.256164550781250000;28.747558593750000000;0.000000000000000000;2.031799316406250000;864.481
Rust;mandelbrot;32.266296386718750000;28.755004882812500000;0.000000000000000000;2.034606933593750000;865.319
Rust;n-body;39.143249511718750000;29.575317382812500000;0.000000000000000000;4.549804687500000000;1945.88
Rust;n-body;39.433044433593750000;29.817871093750000000;0.000000000000000000;4.570800781250000000;1950.05
Rust;n-body;38.605346679687500000;29.127014160156250000;0.000000000000000000;4.529785156250000000;1941.29
Rust;n-body;38.502563476562500000;29.050659179687500000;0.000000000000000000;4.538085937500000000;1942.47
Rust;n-body;39.172790527343750000;29.609497070312500000;0.000000000000000000;4.556640625000000000;1944.87
Rust;n-body;39.079589843750000000;29.529846191406250000;0.000000000000000000;4.545104980468750000;1944.12
Rust;n-body;37.973266601562500000;28.618713378906250000;0.000000000000000000;4.528381347656250000;1941.01
Rust;n-body;37.845214843750000000;28.518371582031250000;0.000000000000000000;4.527709960937500000;1940.14
Rust;n-body;39.285949707031250000;29.672607421875000000;0.000000000000000000;4.540771484375000000;1944.15
Rust;n-body;38.458679199218750000;29.000488281250000000;0.000000000000000000;4.524108886718750000;1938.72
Rust;regex-redux;19.666198730468750000;14.245910644531250000;0.000000000000000000;1.697204589843750000;632.637
Rust;regex-redux;20.119689941406250000;14.559143066406250000;0.000000000000000000;1.738952636718750000;648.139
Rust;regex-redux;19.899719238281250000;14.415588378906250000;0.000000000000000000;1.718139648437500000;638.621
Rust;regex-redux;20.072021484375000000;14.559997558593750000;0.000000000000000000;1.714477539062500000;640.618
Rust;regex-redux;19.801818847656250000;14.311340332031250000;0.000000000000000000;1.711669921875000000;638.869
Rust;regex-redux;19.728759765625000000;14.295349121093750000;0.000000000000000000;1.695312500000000000;633.658
Rust;regex-redux;19.890380859375000000;14.383544921875000000;0.000000000000000000;1.711791992187500000;640.301
Rust;regex-redux;19.708312988281250000;14.275634765625000000;0.000000000000000000;1.692504882812500000;634.178
Rust;regex-redux;19.742858886718750000;14.301574707031250000;0.001159667968750000;1.694030761718750000;631.685
Rust;regex-redux;19.728027343750000000;14.296447753906250000;0.000000000000000000;1.699645996093750000;635.142
Rust;reverse-complement;2.578308105468750000;1.592590332031250000;0.000000000000000000;0.448242187500000000;110.791
Rust;reverse-complement;2.526672363281250000;1.567565917968750000;0.000000000000000000;0.441650390625000000;108.269
Rust;reverse-complement;2.780395507812500000;1.789855957031250000;0.000000000000000000;0.459899902343750000;111.487
Rust;reverse-complement;2.550048828125000000;1.580627441406250000;0.000000000000000000;0.438720703125000000;107.361
Rust;reverse-complement;2.687561035156250000;1.677307128906250000;0.000000000000000000;0.449707031250000000;111.398
Rust;reverse-complement;2.540222167968750000;1.573181152343750000;0.000000000000000000;0.438781738281250000;107.825
Rust;reverse-complement;2.547607421875000000;1.563781738281250000;0.000000000000000000;0.446594238281250000;109.158
Rust;reverse-complement;2.499816894531250000;1.547485351562500000;0.000000000000000000;0.434997558593750000;107.285
Rust;reverse-complement;2.640014648437500000;1.653686523437500000;0.000000000000000000;0.454956054687500000;111.358
Rust;reverse-complement;2.655578613281250000;1.685668945312500000;0.000000000000000000;0.445922851562500000;108.917
Rust;spectral-norm;24.096801757812500000;18.849670410156250000;0.000000000000000000;1.426879882812500000;611.108
Rust;spectral-norm;24.265930175781250000;18.974914550781250000;0.000000000000000000;1.438659667968750000;615.796
Rust;spectral-norm;24.105957031250000000;18.867065429687500000;0.000000000000000000;1.420715332031250000;608.728
Rust;spectral-norm;24.117431640625000000;18.878967285156250000;0.000000000000000000;1.424072265625000000;610.521
Rust;spectral-norm;24.152648925781250000;18.904418945312500000;0.000000000000000000;1.423217773437500000;609.07
Rust;spectral-norm;24.100891113281250000;18.860900878906250000;0.000000000000000000;1.420776367187500000;609.413
Rust;spectral-norm;24.359497070312500000;19.059204101562500000;0.000000000000000000;1.442199707031250000;615.466
Rust;spectral-norm;24.424377441406250000;19.081848144531250000;0.000000000000000000;1.454223632812500000;621.604
Rust;spectral-norm;24.346801757812500000;19.029418945312500000;0.000000000000000000;1.444274902343750000;617.09
Rust;spectral-norm;24.241149902343750000;18.955871582031250000;0.000000000000000000;1.435363769531250000;615.47
JavaScript;binary-trees;274.068054199218750000;200.953796386718750000;0.000000000000000000;32.789245605468750000;8039.09
JavaScript;binary-trees;272.795593261718750000;200.441467285156250000;0.000915527343750000;32.399230957031250000;7918.72
JavaScript;binary-trees;273.208984375000000000;200.442260742187500000;0.000000000000000000;32.463134765625000000;7944.27
JavaScript;binary-trees;273.782287597656250000;201.998107910156250000;0.000000000000000000;32.416015625000000000;7817.63
JavaScript;binary-trees;275.597473144531250000;202.712219238281250000;0.000000000000000000;32.549560546875000000;7933.44
JavaScript;binary-trees;272.445739746093750000;200.563537597656250000;0.000000000000000000;31.923278808593750000;7801.43
JavaScript;binary-trees;275.708190917968750000;203.252258300781250000;0.001159667968750000;32.254089355468750000;7830.86
JavaScript;binary-trees;276.399047851562500000;203.994995117187500000;0.000000000000000000;32.160888671875000000;7804.41
JavaScript;binary-trees;276.023254394531250000;202.863403320312500000;0.000000000000000000;32.343444824218750000;7921.37
JavaScript;binary-trees;347.973327636718750000;259.307495117187500000;0.000000000000000000;38.282531738281250000;9628.8
JavaScript;fannkuch-redux;365.758544921875000000;288.138427734375000000;0.001037597656250000;21.352905273437500000;9095.05
JavaScript;fannkuch-redux;364.565124511718750000;287.400573730468750000;0.000000000000000000;21.026733398437500000;8994.69
JavaScript;fannkuch-redux;366.618469238281250000;289.081726074218750000;0.000000000000000000;21.063476562500000000;9009.64
JavaScript;fannkuch-redux;368.676757812500000000;290.790649414062500000;0.000000000000000000;21.065734863281250000;9011.17
JavaScript;fannkuch-redux;369.797912597656250000;291.719299316406250000;0.000000000000000000;21.051818847656250000;9004.33
JavaScript;fannkuch-redux;371.548278808593750000;293.186645507812500000;0.001342773437500000;21.039184570312500000;8999.52
JavaScript;fannkuch-redux;372.484191894531250000;293.976013183593750000;0.000000000000000000;21.054199218750000000;9007.16
JavaScript;fannkuch-redux;372.670715332031250000;294.090270996093750000;0.000000000000000000;21.066772460937500000;9009.64
JavaScript;fannkuch-redux;372.918823242187500000;294.227722167968750000;0.000000000000000000;21.094116210937500000;9024.8
JavaScript;fannkuch-redux;372.825134277343750000;294.310546875000000000;0.001525878906250000;21.060546875000000000;9008.2
JavaScript;k-nucleotide;408.451660156250000000;290.435668945312500000;0.000000000000000000;40.463562011718750000;13908
JavaScript;k-nucleotide;404.984069824218750000;287.763122558593750000;0.000000000000000000;39.810913085937500000;13723.1
JavaScript;k-nucleotide;409.612121582031250000;291.107360839843750000;0.001037597656250000;39.989929199218750000;13823
JavaScript;k-nucleotide;408.225097656250000000;290.289001464843750000;0.000000000000000000;39.795898437500000000;13755.8
JavaScript;k-nucleotide;413.103576660156250000;292.593078613281250000;0.000000000000000000;40.663208007812500000;14045.6
JavaScript;k-nucleotide;444.628906250000000000;311.791809082031250000;0.001037597656250000;46.170410156250000000;15674.1
JavaScript;k-nucleotide;434.559997558593750000;308.022949218750000000;0.000000000000000000;43.450378417968750000;14747
JavaScript;k-nucleotide;409.393310546875000000;290.509643554687500000;0.000000000000000000;39.955078125000000000;13811.1
JavaScript;k-nucleotide;414.087097167968750000;293.880004882812500000;0.001220703125000000;40.076599121093750000;13885.3
JavaScript;k-nucleotide;418.509277343750000000;296.894531250000000000;0.000000000000000000;40.615295410156250000;14060
JavaScript;mandelbrot;111.825012207031250000;86.073120117187500000;0.000000000000000000;7.653442382812500000;3244.65
JavaScript;mandelbrot;111.390930175781250000;85.791137695312500000;0.000000000000000000;7.583984375000000000;3220.3
JavaScript;mandelbrot;111.429931640625000000;85.783447265625000000;0.001098632812500000;7.570861816406250000;3220.17
JavaScript;mandelbrot;110.616394042968750000;85.207763671875000000;0.000000000000000000;7.526245117187500000;3206.95
JavaScript;mandelbrot;111.756164550781250000;86.122924804687500000;0.000000000000000000;7.516357421875000000;3204.31
JavaScript;mandelbrot;111.615173339843750000;86.019592285156250000;0.000000000000000000;7.523925781250000000;3206.25
JavaScript;mandelbrot;111.735900878906250000;86.117187500000000000;0.000000000000000000;7.520385742187500000;3205.58
JavaScript;mandelbrot;111.557800292968750000;85.960571289062500000;0.000000000000000000;7.514892578125000000;3204.03
JavaScript;mandelbrot;112.125915527343750000;86.403381347656250000;0.000000000000000000;7.540466308593750000;3212.15
JavaScript;mandelbrot;111.146057128906250000;85.657348632812500000;0.000000000000000000;7.531616210937500000;3207.97
JavaScript;n-body;97.096191406250000000;53.775451660156250000;0.000000000000000000;13.324645996093750000;5682.68
JavaScript;n-body;95.299499511718750000;52.372863769531250000;0.000000000000000000;13.243225097656250000;5659.95
JavaScript;n-body;94.452514648437500000;51.476135253906250000;0.000000000000000000;13.198059082031250000;5652.05
JavaScript;n-body;94.247009277343750000;51.256347656250000000;0.000000000000000000;13.181884765625000000;5648.01
JavaScript;n-body;96.035583496093750000;52.281433105468750000;0.000000000000000000;13.426757812500000000;5751.66
JavaScript;n-body;94.635253906250000000;51.588317871093750000;0.000854492187500000;13.226867675781250000;5666.23
JavaScript;n-body;94.448181152343750000;51.368469238281250000;0.000000000000000000;13.192504882812500000;5650.98
JavaScript;n-body;94.320068359375000000;51.293640136718750000;0.000000000000000000;13.186645507812500000;5649.36
JavaScript;n-body;94.706848144531250000;51.532104492187500000;0.000000000000000000;13.232543945312500000;5668.81
JavaScript;n-body;94.319274902343750000;51.292907714843750000;0.000000000000000000;13.192871093750000000;5650.57
JavaScript;regex-redux;80.231140136718750000;49.087829589843750000;0.000000000000000000;10.543762207031250000;3713.5
JavaScript;regex-redux;78.987915039062500000;48.107299804687500000;0.000000000000000000;10.429626464843750000;3680.27
JavaScript;regex-redux;79.000976562500000000;47.971313476562500000;0.000000000000000000;10.426147460937500000;3686.71
JavaScript;regex-redux;79.085266113281250000;48.054443359375000000;0.000000000000000000;10.396484375000000000;3672.71
JavaScript;regex-redux;78.753356933593750000;47.845703125000000000;0.000000000000000000;10.382446289062500000;3667.61
JavaScript;regex-redux;79.098693847656250000;47.998657226562500000;0.000000000000000000;10.442077636718750000;3694.57
JavaScript;regex-redux;79.102355957031250000;47.959533691406250000;0.000000000000000000;10.427185058593750000;3686.35
JavaScript;regex-redux;79.535766601562500000;48.160888671875000000;0.000000000000000000;10.504333496093750000;3720.23
JavaScript;regex-redux;79.167358398437500000;48.059997558593750000;0.000000000000000000;10.437377929687500000;3691.01
JavaScript;regex-redux;79.093261718750000000;48.050842285156250000;0.000000000000000000;10.414855957031250000;3679.6
JavaScript;reverse-complement;34.682312011718750000;20.592834472656250000;0.000000000000000000;4.462768554687500000;1746.35
JavaScript;reverse-complement;33.886596679687500000;19.881652832031250000;0.000000000000000000;4.391845703125000000;1731.93
JavaScript;reverse-complement;33.617919921875000000;19.643798828125000000;0.000000000000000000;4.385314941406250000;1732.45
JavaScript;reverse-complement;33.401245117187500000;19.548400878906250000;0.000000000000000000;4.367004394531250000;1722.35
JavaScript;reverse-complement;33.531188964843750000;19.677307128906250000;0.000000000000000000;4.364990234375000000;1720.25
JavaScript;reverse-complement;33.614562988281250000;19.662353515625000000;0.000000000000000000;4.386413574218750000;1732.26
JavaScript;reverse-complement;33.371765136718750000;19.548889160156250000;0.000000000000000000;4.351867675781250000;1717.04
JavaScript;reverse-complement;33.642456054687500000;19.649353027343750000;0.000000000000000000;4.379577636718750000;1728.88
JavaScript;reverse-complement;33.575073242187500000;19.609680175781250000;0.000000000000000000;4.375976562500000000;1727.86
JavaScript;reverse-complement;33.662658691406250000;19.685485839843750000;0.000000000000000000;4.400146484375000000;1735.66
JavaScript;spectral-norm;42.405395507812500000;30.999145507812500000;0.000000000000000000;3.429382324218750000;1448.57
JavaScript;spectral-norm;42.657775878906250000;31.066955566406250000;0.000000000000000000;3.480224609375000000;1470.03
JavaScript;spectral-norm;42.946533203125000000;31.284301757812500000;0.000000000000000000;3.523803710937500000;1477.54
JavaScript;spectral-norm;42.458068847656250000;30.931762695312500000;0.000000000000000000;3.452636718750000000;1460.19
JavaScript;spectral-norm;42.129272460937500000;30.715698242187500000;0.000000000000000000;3.412109375000000000;1446.14
JavaScript;spectral-norm;42.231933593750000000;30.730163574218750000;0.000000000000000000;3.450683593750000000;1459.74
JavaScript;spectral-norm;42.149963378906250000;30.749572753906250000;0.000000000000000000;3.416564941406250000;1446.31
JavaScript;spectral-norm;42.053649902343750000;30.705932617187500000;0.000000000000000000;3.400329589843750000;1440.17
JavaScript;spectral-norm;42.176513671875000000;30.765747070312500000;0.000000000000000000;3.411254882812500000;1443.82
JavaScript;spectral-norm;42.356140136718750000;30.815429687500000000;0.000000000000000000;3.459411621093750000;1464.48
JavaScript;fasta;56.680053710937500000;42.699340820312500000;0.000000000000000000;4.053649902343750000;1662.39
JavaScript;fasta;55.745422363281250000;42.005432128906250000;0.000000000000000000;3.947509765625000000;1642.39
JavaScript;fasta;55.900329589843750000;42.013244628906250000;0.000000000000000000;3.992858886718750000;1664.34
JavaScript;fasta;55.635253906250000000;41.997375488281250000;0.000000000000000000;3.897827148437500000;1617.42
JavaScript;fasta;56.830688476562500000;42.650207519531250000;0.000000000000000000;4.101806640625000000;1695.87
JavaScript;fasta;55.140563964843750000;41.683044433593750000;0.000000000000000000;3.855468750000000000;1603.1
JavaScript;fasta;56.517089843750000000;42.429443359375000000;0.000000000000000000;4.046813964843750000;1683.54
JavaScript;fasta;55.753112792968750000;42.051147460937500000;0.000000000000000000;3.923706054687500000;1631.05
JavaScript;fasta;56.755249023437500000;42.543884277343750000;0.000000000000000000;4.070312500000000000;1696.46
JavaScript;fasta;56.089111328125000000;42.200988769531250000;0.000000000000000000;3.956115722656250000;1651.01
TypeScript;binary-trees;413.018676757812500000;268.050109863281250000;0.000732421875000000;50.074523925781250000;17567.6
TypeScript;binary-trees;413.751953125000000000;268.044250488281250000;0.000000000000000000;50.191406250000000000;17645.2
TypeScript;binary-trees;413.652526855468750000;267.554321289062500000;0.000915527343750000;50.298522949218750000;17697.2
TypeScript;binary-trees;415.822265625000000000;270.014038085937500000;0.000000000000000000;50.128784179687500000;17609.5
TypeScript;binary-trees;414.015747070312500000;268.370300292968750000;0.000000000000000000;49.990783691406250000;17579.3
TypeScript;binary-trees;415.310852050781250000;267.700683593750000000;0.000976562500000000;50.502746582031250000;17803
TypeScript;binary-trees;411.645019531250000000;265.771850585937500000;0.000000000000000000;49.870300292968750000;17560.6
TypeScript;binary-trees;413.732666015625000000;267.926208496093750000;0.000915527343750000;49.836059570312500000;17529.7
TypeScript;binary-trees;414.992736816406250000;268.808715820312500000;0.000000000000000000;49.939758300781250000;17561.3
TypeScript;binary-trees;416.197814941406250000;270.248962402343750000;0.000000000000000000;49.810974121093750000;17503.1
TypeScript;fannkuch-redux;969.696411132812500000;540.514648437500000000;0.000793457031250000;122.624633789062500000;52517.3
TypeScript;fannkuch-redux;968.344665527343750000;538.241821289062500000;0.001708984375000000;122.536132812500000000;52490.6
TypeScript;fannkuch-redux;968.697814941406250000;540.008300781250000000;0.000915527343750000;122.562622070312500000;52500.3
TypeScript;fannkuch-redux;969.022644042968750000;540.245178222656250000;0.000915527343750000;122.566772460937500000;52501.6
TypeScript;fannkuch-redux;970.047546386718750000;540.242675781250000000;0.000976562500000000;122.723693847656250000;52569
TypeScript;fannkuch-redux;968.503601074218750000;539.665222167968750000;0.001892089843750000;122.582275390625000000;52509.6
TypeScript;fannkuch-redux;971.705139160156250000;542.335388183593750000;0.000976562500000000;122.657348632812500000;52528.3
TypeScript;fannkuch-redux;969.153686523437500000;540.675415039062500000;0.000915527343750000;122.552551269531250000;52493.1
TypeScript;fannkuch-redux;969.046691894531250000;540.093994140625000000;0.000976562500000000;122.557250976562500000;52500.4
TypeScript;fannkuch-redux;969.385375976562500000;539.807739257812500000;0.000915527343750000;122.574096679687500000;52502
TypeScript;fasta;82.752868652343750000;46.536010742187500000;0.000976562500000000;10.435607910156250000;4416.81
TypeScript;fasta;82.452697753906250000;46.362487792968750000;0.000000000000000000;10.442810058593750000;4418.25
TypeScript;fasta;82.358886718750000000;46.324829101562500000;0.000000000000000000;10.426208496093750000;4412.59
TypeScript;fasta;82.787780761718750000;46.532836914062500000;0.000000000000000000;10.449401855468750000;4422.34
TypeScript;fasta;82.113769531250000000;46.077087402343750000;0.000000000000000000;10.420166015625000000;4412.74
TypeScript;fasta;82.262878417968750000;46.240478515625000000;0.000000000000000000;10.418518066406250000;4410.27
TypeScript;fasta;82.278381347656250000;46.167724609375000000;0.000000000000000000;10.424255371093750000;4412.86
TypeScript;fasta;82.393554687500000000;46.327026367187500000;0.000000000000000000;10.433288574218750000;4415.95
TypeScript;fasta;82.238098144531250000;46.245605468750000000;0.000000000000000000;10.420410156250000000;4409.73
TypeScript;fasta;82.409057617187500000;46.325927734375000000;0.000000000000000000;10.427551269531250000;4413.6
TypeScript;k-nucleotide;1269.129516601562500000;693.628479003906250000;0.001586914062500000;186.830505371093750000;71414.6
TypeScript;k-nucleotide;1269.906677246093750000;691.307800292968750000;0.001892089843750000;186.423767089843750000;71399.5
TypeScript;k-nucleotide;1278.276794433593750000;695.735900878906250000;0.000854492187500000;187.065124511718750000;71633.1
TypeScript;k-nucleotide;1287.596984863281250000;700.687072753906250000;0.001708984375000000;187.404357910156250000;71869
TypeScript;k-nucleotide;1305.347778320312500000;704.427185058593750000;0.001892089843750000;193.516845703125000000;73946.2
TypeScript;k-nucleotide;1258.342590332031250000;685.960571289062500000;0.000915527343750000;183.153076171875000000;70002.9
TypeScript;k-nucleotide;1269.543518066406250000;689.507446289062500000;0.001831054687500000;185.452148437500000000;70989.2
TypeScript;k-nucleotide;1312.566589355468750000;708.982116699218750000;0.001831054687500000;194.179077148437500000;74252.8
TypeScript;k-nucleotide;1280.070373535156250000;695.848510742187500000;0.001892089843750000;187.008117675781250000;71591.1
TypeScript;k-nucleotide;1299.241088867187500000;706.493469238281250000;0.000854492187500000;190.028625488281250000;72906.9
TypeScript;mandelbrot;979.158996582031250000;546.314392089843750000;0.000732421875000000;133.503112792968750000;56986.8
TypeScript;mandelbrot;972.625427246093750000;543.111877441406250000;0.000793457031250000;132.380493164062500000;56515.4
TypeScript;mandelbrot;960.796569824218750000;537.589660644531250000;0.001586914062500000;130.192687988281250000;55538.7
TypeScript;mandelbrot;958.595825195312500000;536.074462890625000000;0.000793457031250000;129.541076660156250000;55293.1
TypeScript;mandelbrot;942.456420898437500000;527.560424804687500000;0.000854492187500000;127.809448242187500000;54507.3
TypeScript;mandelbrot;956.658081054687500000;534.296447753906250000;0.000854492187500000;129.600097656250000000;55368.7
TypeScript;mandelbrot;965.810180664062500000;538.790344238281250000;0.001647949218750000;131.286071777343750000;55980.4
TypeScript;mandelbrot;969.807373046875000000;542.199584960937500000;0.000854492187500000;131.624450683593750000;56153
TypeScript;mandelbrot;969.461425781250000000;539.983337402343750000;0.000915527343750000;131.331481933593750000;56035.4
TypeScript;mandelbrot;973.412963867187500000;542.080261230468750000;0.001770019531250000;132.136291503906250000;56432.8
TypeScript;n-body;89.841674804687500000;49.232299804687500000;0.000000000000000000;12.487915039062500000;5330.78
TypeScript;n-body;88.774841308593750000;48.230407714843750000;0.000793457031250000;12.415649414062500000;5316.57
TypeScript;n-body;90.033508300781250000;48.980529785156250000;0.000000000000000000;12.599304199218750000;5395.49
TypeScript;n-body;89.921325683593750000;49.194152832031250000;0.000000000000000000;12.515991210937500000;5341.95
TypeScript;n-body;89.206481933593750000;48.706970214843750000;0.000000000000000000;12.434936523437500000;5322.45
TypeScript;n-body;89.121032714843750000;48.523681640625000000;0.000000000000000000;12.455688476562500000;5334.51
TypeScript;n-body;90.493347167968750000;49.571655273437500000;0.000000000000000000;12.533508300781250000;5350.52
TypeScript;n-body;90.243957519531250000;49.030090332031250000;0.000000000000000000;12.623046875000000000;5406.2
TypeScript;n-body;88.578674316406250000;48.104370117187500000;0.000000000000000000;12.406311035156250000;5312.94
TypeScript;n-body;90.183715820312500000;49.523803710937500000;0.000793457031250000;12.508728027343750000;5334.38
TypeScript;regex-redux;86.093444824218750000;48.724182128906250000;0.000000000000000000;12.426269531250000000;4550.31
TypeScript;regex-redux;83.731445312500000000;47.726318359375000000;0.000000000000000000;11.952941894531250000;4344.87
TypeScript;regex-redux;83.268798828125000000;47.227050781250000000;0.000000000000000000;11.895263671875000000;4337.17
TypeScript;regex-redux;83.628845214843750000;47.459289550781250000;0.000000000000000000;11.921508789062500000;4347.81
TypeScript;regex-redux;83.473632812500000000;47.290161132812500000;0.000854492187500000;11.910461425781250000;4337.64
TypeScript;regex-redux;83.746093750000000000;47.457275390625000000;0.000000000000000000;11.895263671875000000;4334.48
TypeScript;regex-redux;83.699707031250000000;47.466247558593750000;0.000000000000000000;11.946166992187500000;4358.79
TypeScript;regex-redux;83.481384277343750000;47.494995117187500000;0.000000000000000000;11.945861816406250000;4341.56
TypeScript;regex-redux;85.060058593750000000;48.663452148437500000;0.000000000000000000;12.049804687500000000;4369.81
TypeScript;regex-redux;84.253479003906250000;48.011291503906250000;0.000000000000000000;11.939758300781250000;4346.27
TypeScript;reverse-complement;32.863586425781250000;19.365478515625000000;0.000000000000000000;4.303588867187500000;1688.61
TypeScript;reverse-complement;32.910949707031250000;19.331237792968750000;0.000000000000000000;4.297424316406250000;1690.07
TypeScript;reverse-complement;32.844787597656250000;19.342773437500000000;0.000000000000000000;4.293029785156250000;1686.78
TypeScript;reverse-complement;32.450073242187500000;19.040039062500000000;0.000000000000000000;4.229858398437500000;1665.18
TypeScript;reverse-complement;32.545959472656250000;19.057922363281250000;0.000000000000000000;4.279846191406250000;1681.72
TypeScript;reverse-complement;32.728393554687500000;19.195678710937500000;0.000000000000000000;4.280273437500000000;1683.3
TypeScript;reverse-complement;32.417297363281250000;19.038879394531250000;0.000000000000000000;4.246948242187500000;1670.99
TypeScript;reverse-complement;32.731445312500000000;19.139770507812500000;0.000000000000000000;4.271667480468750000;1680.16
TypeScript;reverse-complement;32.527709960937500000;19.156127929687500000;0.000000000000000000;4.249389648437500000;1671.7
TypeScript;reverse-complement;32.542968750000000000;19.106811523437500000;0.000000000000000000;4.265869140625000000;1677.13
TypeScript;spectral-norm;68.968444824218750000;35.282470703125000000;0.000000000000000000;10.457092285156250000;4453.35
TypeScript;spectral-norm;67.021362304687500000;33.639221191406250000;0.000000000000000000;10.336059570312500000;4426.64
TypeScript;spectral-norm;67.116088867187500000;33.686340332031250000;0.000000000000000000;10.346984863281250000;4429.92
TypeScript;spectral-norm;67.215087890625000000;33.810363769531250000;0.000000000000000000;10.344482421875000000;4428.98
TypeScript;spectral-norm;67.396057128906250000;33.963867187500000000;0.000000000000000000;10.354248046875000000;4430.52
TypeScript;spectral-norm;67.410766601562500000;33.843627929687500000;0.000000000000000000;10.343750000000000000;4428.92
TypeScript;spectral-norm;66.981384277343750000;33.644104003906250000;0.000000000000000000;10.341857910156250000;4428.48
TypeScript;spectral-norm;67.415100097656250000;33.936828613281250000;0.000000000000000000;10.339477539062500000;4427.5
TypeScript;spectral-norm;67.388366699218750000;33.919799804687500000;0.000732421875000000;10.349060058593750000;4431.44
TypeScript;spectral-norm;67.282287597656250000;33.817626953125000000;0.000000000000000000;10.346862792968750000;4430.05